{
    "nmi_true": [
        0.33855287818104995,
        0.3798905960990807,
        0.4181020055506252,
        0.4335570130632916,
        0.44744890769248075,
        0.458314958771396,
        0.4628158376953739,
        0.4643402676275315,
        0.47087104596793494,
        0.4748683361550329,
        0.4758808707681874,
        0.48249807801802247,
        0.48989812704157254,
        0.4861343707480475,
        0.4988626837098294
    ],
    "ari_true": [
        0.24603614754567235,
        0.2941225770983846,
        0.3259140491219326,
        0.33900919883865105,
        0.35627733926471494,
        0.3678825098598542,
        0.37776547649163245,
        0.3780428143203164,
        0.3869306646459113,
        0.3918087075423651,
        0.3956380707911055,
        0.4016474545195785,
        0.4078988410116955,
        0.40849749608337743,
        0.41789299342962904
    ],
    "nmi_prev": [
        null,
        0.4036114550189335,
        0.6472048625891689,
        0.7623382514142745,
        0.8155187068930053,
        0.8497362959321172,
        0.8596957335144285,
        0.8813821601465558,
        0.8797467976205093,
        0.8601102136800357,
        0.862895137378937,
        0.8695601266653704,
        0.87212753565965,
        0.8783134080445428,
        0.8788657401013058
    ],
    "silhouette": [
        -0.11658219993114471,
        0.05376986414194107,
        0.1704608052968979,
        0.22062164545059204,
        0.23767822980880737,
        0.2606006860733032,
        0.26898136734962463,
        0.2706996500492096,
        0.27595800161361694,
        0.2791600227355957,
        0.2807871103286743,
        0.29047891497612,
        0.2801477909088135,
        0.2827877998352051,
        0.29041588306427
    ],
    "dbi": [
        5.4496114874737795,
        2.761387661096363,
        1.5872633357671861,
        1.3622950870904984,
        1.3437554398095684,
        1.2670478926900717,
        1.232226286732337,
        1.2042347587306819,
        1.207484704151509,
        1.191067218253062,
        1.1788418585392124,
        1.1458083370237115,
        1.1896884361463846,
        1.178127237216439,
        1.1689894823876787
    ]
}