{
    "nmi_true": [
        0.6038532662071692,
        0.6937041764598707,
        0.7337929222938723,
        0.7255930160261854,
        0.7171552430586612,
        0.7287667518009583,
        0.7183723627013633,
        0.7322316233445451,
        0.7075286256013426,
        0.7171074611576398,
        0.7184256830312645,
        0.7666783201775357,
        0.7595500244144315,
        0.7642516106649817,
        0.762923961098861
    ],
    "ari_true": [
        0.5706096495737997,
        0.6655666840215575,
        0.7050429180971822,
        0.6818490758628125,
        0.6679349840009823,
        0.6742237354387811,
        0.6641408106109223,
        0.6718349750511159,
        0.6397506222824021,
        0.644344065896147,
        0.6525218720352132,
        0.7301247934155005,
        0.7232183761739522,
        0.7259778597427736,
        0.7243194419127286
    ],
    "nmi_prev": [
        null,
        0.6239817791647426,
        0.7431605954358799,
        0.7824300259068226,
        0.8167009978343602,
        0.8549315532278922,
        0.8869967737216367,
        0.8962880297676613,
        0.8970797415605195,
        0.8967386969308425,
        0.9068337533219542,
        0.8699665346631663,
        0.9249712482208647,
        0.9347680768418858,
        0.9349880377386414
    ],
    "silhouette": [
        -0.09337539225816727,
        0.12750492990016937,
        0.2664359509944916,
        0.28437817096710205,
        0.31815698742866516,
        0.3593563735485077,
        0.3525761365890503,
        0.3826068639755249,
        0.37160685658454895,
        0.3896310031414032,
        0.3867475688457489,
        0.3770442306995392,
        0.3932045102119446,
        0.39121919870376587,
        0.4021719694137573
    ],
    "dbi": [
        7.936899848296138,
        1.9502273276929478,
        1.271404671781362,
        1.4024472023885786,
        1.266270139067617,
        1.1505936027629022,
        1.1701466781873195,
        1.0757461934868826,
        1.102149050383176,
        1.0237985249233776,
        1.0493423982674006,
        1.159964739751853,
        1.052915522929883,
        1.0772572271647112,
        1.0378660572983462
    ]
}