{
    "nmi_true": [
        0.43940346090283533,
        0.4545875423605833,
        0.45495256842601584,
        0.46572286061908563,
        0.48719306192112855
    ],
    "ari_true": [
        0.34960504433056766,
        0.3535319348624265,
        0.36137226151669166,
        0.3779141893128767,
        0.40147308716190844
    ],
    "nmi_prev": [
        null,
        0.48418491944376507,
        0.621734142597396,
        0.7236891319947506,
        0.7490555074149176
    ],
    "silhouette": [
        -0.12020139396190643,
        0.08913733810186386,
        0.16968216001987457,
        0.217899888753891,
        0.20783068239688873
    ],
    "dbi": [
        6.085137116346784,
        1.8908374518596318,
        1.640689809059042,
        1.4725095002561202,
        1.458445064031054
    ]
}