{
    "nmi_true": [
        0.6228586466114694,
        0.7210656628387373,
        0.7467885845631066,
        0.7703805457664168,
        0.7641322011654886
    ],
    "ari_true": [
        0.597019784757425,
        0.7044192174241222,
        0.7273214059243188,
        0.7594320846326452,
        0.7470480036515603
    ],
    "nmi_prev": [
        null,
        0.6387964359035314,
        0.7433251160601669,
        0.8044706334497331,
        0.8455105903503354
    ],
    "silhouette": [
        -0.09491351246833801,
        0.1420172154903412,
        0.25025564432144165,
        0.2922316789627075,
        0.3218795359134674
    ],
    "dbi": [
        8.583213229333893,
        1.882578144011881,
        1.4427873950419776,
        1.319554025955632,
        1.2624194211069495
    ]
}