{
    "nmi_true": [
        0.4853605245213161,
        0.5245862830817553,
        0.5773034377714671,
        0.5863352200130565,
        0.5941839172407537
    ],
    "ari_true": [
        0.39542339211727384,
        0.43058120057187016,
        0.487432850029976,
        0.4962190091278915,
        0.5022006215776755
    ],
    "nmi_prev": [
        null,
        0.5273695918872595,
        0.6474481992234885,
        0.753926267355758,
        0.8079844572979911
    ],
    "silhouette": [
        -0.12822325527668,
        0.05695901811122894,
        0.18848967552185059,
        0.23059481382369995,
        0.2523384690284729
    ],
    "dbi": [
        5.693969592941225,
        2.559044489772485,
        1.643103919076275,
        1.350454451211257,
        1.297499305108806
    ]
}