{
    "nmi_true": [
        0.4858112886598843,
        0.5365774716593357,
        0.554350271738281,
        0.5765047919761817,
        0.5710667299334233,
        0.5682988234661888,
        0.570900442420102,
        0.5689781956687576,
        0.5632991113837014,
        0.5635813836367267,
        0.5782952964534919,
        0.5702819202786835,
        0.5946056999654479,
        0.5919828829379933,
        0.6039095902581073
    ],
    "ari_true": [
        0.39417144446733915,
        0.44665024429748396,
        0.4665922272285979,
        0.49075843496006993,
        0.4860466175591458,
        0.483533397542494,
        0.4892271731746034,
        0.4869764612516782,
        0.47952359168396735,
        0.47931345322848884,
        0.4942219503666757,
        0.4832594401462563,
        0.4956301237129828,
        0.5022664916209747,
        0.5227541362631833
    ],
    "nmi_prev": [
        null,
        0.5375022073104692,
        0.6816671465858152,
        0.7691266260531898,
        0.8085697262152969,
        0.8433524478294131,
        0.8657296801332552,
        0.8725981795073514,
        0.8780336381022108,
        0.8929517653648552,
        0.8118421356529304,
        0.8470755630918336,
        0.7797535152342103,
        0.8043597042492263,
        0.8138208653421302
    ],
    "silhouette": [
        -0.12983335554599762,
        0.06472820043563843,
        0.17296557128429413,
        0.22966475784778595,
        0.24757060408592224,
        0.2672071158885956,
        0.27553945779800415,
        0.2772350311279297,
        0.290659099817276,
        0.28534865379333496,
        0.2649940252304077,
        0.2808683216571808,
        0.24936580657958984,
        0.24900759756565094,
        0.2642340362071991
    ],
    "dbi": [
        5.272250806067772,
        2.1958217347086437,
        1.5990737269816002,
        1.33480490566855,
        1.2840282463522301,
        1.2689782056317005,
        1.2501754227221291,
        1.2733874250071904,
        1.2168243102532714,
        1.2455595787580744,
        1.3846793337047767,
        1.2843599308358342,
        1.5636968936382911,
        1.5658785834096762,
        1.3899120336774327
    ]
}