{
    "nmi_true": [
        0.6062146660926075,
        0.6984493040347034,
        0.7409374175665245,
        0.7666033650871062,
        0.7875328418882243,
        0.7449963515209741,
        0.7573829552341803,
        0.7449274401649683,
        0.7524940914289503,
        0.7508293178219383,
        0.7580661611334069,
        0.7486758720663198,
        0.7445597286448371,
        0.7399809813108196,
        0.7406232378721649
    ],
    "ari_true": [
        0.5749826325448133,
        0.6837073136922086,
        0.7317178448238846,
        0.7578430364168123,
        0.78489424110767,
        0.7139286940951344,
        0.7232219504758196,
        0.7073772950041824,
        0.7136675959875347,
        0.7110165851780349,
        0.7179934001875714,
        0.7056148704630846,
        0.6978067630427103,
        0.6877684358864974,
        0.6891736497454417
    ],
    "nmi_prev": [
        null,
        0.6265962738478854,
        0.7358662692480585,
        0.8064899931884872,
        0.8447023525779762,
        0.838365897075068,
        0.8767859638436722,
        0.8983798480342619,
        0.910350857192423,
        0.9280020034189878,
        0.9333814072855986,
        0.9279346056758225,
        0.9251947342150213,
        0.916144724818885,
        0.919708941539988
    ],
    "silhouette": [
        -0.09139683097600937,
        0.12852272391319275,
        0.2409471571445465,
        0.30563628673553467,
        0.33225205540657043,
        0.3048996031284332,
        0.3563036322593689,
        0.3835127055644989,
        0.37319037318229675,
        0.38032129406929016,
        0.4026232659816742,
        0.3838375508785248,
        0.38676518201828003,
        0.3807361423969269,
        0.3911195397377014
    ],
    "dbi": [
        7.85083999773658,
        1.8328091045355517,
        1.3547952775847922,
        1.2314017353312032,
        1.1866424950802688,
        1.341068379415437,
        1.134787305759254,
        1.0186866396379874,
        1.1006143511703599,
        1.078731432416371,
        1.023785782430835,
        1.0857647120128058,
        1.076533264044516,
        1.106815836662226,
        1.0723467524408463
    ]
}