{
    "nmi_true": [
        0.5878430033969431,
        0.6660930075659801,
        0.7431026592256335,
        0.7817467078583704,
        0.773855511600888,
        0.7383860823855087,
        0.7351317111897759,
        0.7385481798710539,
        0.7377340313945813,
        0.7404851512676011,
        0.7390357893256738,
        0.7395532706441356,
        0.7370074350869003,
        0.7404855072547183,
        0.7376390871628163
    ],
    "ari_true": [
        0.5314766528710944,
        0.6394196120117663,
        0.7269379017235014,
        0.7814508641224569,
        0.7689582218663097,
        0.704227352835632,
        0.6913889404212684,
        0.6913806764055184,
        0.6904664074712638,
        0.6938569206711823,
        0.6875719816443698,
        0.6865539464350418,
        0.6838592806588963,
        0.6886650753381576,
        0.6812175520946055
    ],
    "nmi_prev": [
        null,
        0.5796655243918284,
        0.7185096269492084,
        0.8222628644121337,
        0.8684284144728629,
        0.8370547344314194,
        0.8914022293102434,
        0.9205734478495129,
        0.931800840632337,
        0.932736483645891,
        0.933931423147608,
        0.9350408387255926,
        0.9408500389900599,
        0.9455618559184089,
        0.9435259408295775
    ],
    "silhouette": [
        -0.12400909513235092,
        0.08968274295330048,
        0.22382766008377075,
        0.30919748544692993,
        0.3275603652000427,
        0.3024989366531372,
        0.3642963171005249,
        0.38238248229026794,
        0.3816077411174774,
        0.3903886675834656,
        0.3849722743034363,
        0.3873046338558197,
        0.385282963514328,
        0.38176533579826355,
        0.3798256814479828
    ],
    "dbi": [
        6.060255201809504,
        2.1809432997281513,
        1.4567932614966215,
        1.2321317459788048,
        1.2045259719131534,
        1.408927002523103,
        1.148714054690821,
        1.0991829200002738,
        1.0840140288403408,
        1.0773136048841434,
        1.0715604211301522,
        1.0835386164300504,
        1.0697956014449468,
        1.0744249057922348,
        1.099357541098723
    ]
}