{
    "nmi_true": [
        0.6229210731977584,
        0.7242686853315238,
        0.7534281651059722,
        0.7843003374501721,
        0.7852238461667315
    ],
    "ari_true": [
        0.5976117370888404,
        0.7124107570242426,
        0.7413394882534204,
        0.7770564058502283,
        0.7723525604763071
    ],
    "nmi_prev": [
        null,
        0.6403063296039606,
        0.7426058165964964,
        0.82364450080287,
        0.8585534684848981
    ],
    "silhouette": [
        -0.09071458131074905,
        0.12347348779439926,
        0.24003122746944427,
        0.31226736307144165,
        0.32531556487083435
    ],
    "dbi": [
        8.205480475494067,
        1.8019224489204713,
        1.4876353596874297,
        1.2727877108534336,
        1.2653078665274577
    ]
}