{
    "nmi_true": [
        0.6093881658768405,
        0.6952134502659136,
        0.7293877915512711,
        0.7357332716126052,
        0.735903835996014,
        0.7304784434323184,
        0.7357011573162281,
        0.743080211048854,
        0.7392470038365757,
        0.742115979335207,
        0.7450228205347493,
        0.7462903741393837,
        0.756563514549046,
        0.75579711728053,
        0.7580866584722837
    ],
    "ari_true": [
        0.5798950231417602,
        0.6770328563974408,
        0.7076029867027936,
        0.7018466394324046,
        0.6988980610205416,
        0.6887680266576502,
        0.6911373722166851,
        0.7011872090997241,
        0.693019711073055,
        0.6936282032780504,
        0.6968758488822859,
        0.698854575063783,
        0.712193591511409,
        0.7108267839863215,
        0.7135002992925457
    ],
    "nmi_prev": [
        null,
        0.6177230140926696,
        0.7239809716873438,
        0.7879080430492711,
        0.8392839920427645,
        0.9081223955960833,
        0.9214537229277595,
        0.9315357475494103,
        0.9360509113185665,
        0.9356844058191975,
        0.9336252175741122,
        0.9411594765176315,
        0.9391464154655331,
        0.9458556836991717,
        0.9493796967556892
    ],
    "silhouette": [
        -0.0893748551607132,
        0.1250711977481842,
        0.24358075857162476,
        0.27636411786079407,
        0.3348709046840668,
        0.3813593089580536,
        0.388927161693573,
        0.39521855115890503,
        0.389295369386673,
        0.38769134879112244,
        0.38865742087364197,
        0.3853548467159271,
        0.3880317807197571,
        0.38722532987594604,
        0.39520689845085144
    ],
    "dbi": [
        7.608181949524193,
        1.8044760477863035,
        1.3934720992304765,
        1.4555318354489986,
        1.2136740047284043,
        1.0751503989161701,
        1.0611955318373218,
        1.03291371274876,
        1.0754846186127596,
        1.0556062813656937,
        1.0617989960124479,
        1.0776939775107,
        1.0824121559933353,
        1.0958820784970782,
        1.0380504488922542
    ]
}