{
    "nmi_true": [
        0.28918849851031303,
        0.2561752645826536,
        0.3004019128856411,
        0.28624073093964053,
        0.2829624117799792
    ],
    "ari_true": [
        0.20565890479338383,
        0.16698366101876969,
        0.20079426212618182,
        0.18799215499146485,
        0.18555000599384305
    ],
    "nmi_prev": [
        null,
        0.3656309513808577,
        0.5327187030227759,
        0.5965367131436542,
        0.7096369082064461
    ],
    "silhouette": [
        -0.11471518874168396,
        0.04158579558134079,
        0.12059332430362701,
        0.14590778946876526,
        0.1794244945049286
    ],
    "dbi": [
        5.4067463756861995,
        2.1781593561241355,
        1.9859174805445892,
        1.6878282669963423,
        1.527532880988671
    ]
}